"","possible_Celltype","mut","bias","kruskal_pvalue_adj","Heteroplasmy_celltype","n_cells_celltype"
"1","Astrocytes","X10345T>C",0.358603201128788,0.976386711640062,0.00141032022565124,1
"2","Astrocytes","X1169G>A",0.146966928242513,0.976386711640062,0.00222885902328411,1
"3","Astrocytes","X11711G>A",0.820835818030038,0.976386711640062,0.00151074550487718,0
"4","Astrocytes","X13215T>C",0.00624237268881898,0.240167075554036,0.00717680455686322,4
"5","Astrocytes","X13268G>A",0.768300791691151,0.976386711640062,0.00237801945119018,2
"6","Astrocytes","X1345G>A",0.101894010594083,0.911310226013841,0.00109521771909448,1
"7","Astrocytes","X13676A>G",0.797318727487314,0.976386711640062,0.007353333520384,2
"8","Astrocytes","X14046A>G",0.547722541188604,0.976386711640062,0.000961068709326549,0
"9","Astrocytes","X14305G>A",0.508079716200991,0.976386711640062,0.00048780487804878,0
"10","Astrocytes","X146T>C",0.00497406430508334,0.221133728126415,0.0204100003751572,11
"11","Astrocytes","X15092G>A",0.194778716707454,0.976386711640062,0,0
"12","Astrocytes","X15438G>A",0.357281157224518,0.976386711640062,0.00117199873297434,0
"13","Astrocytes","X15591G>A",0.868685265704975,0.976386711640062,0.000363046331296962,0
"14","Astrocytes","X15873T>C",0.960657123100477,0.982154345435593,0.000689605110336818,0
"15","Astrocytes","X16027T>C",0.248041140791592,0.976386711640062,0.000833653529875793,0
"16","Astrocytes","X16098A>G",0.685291202299764,0.976386711640062,0.00316444633876104,2
"17","Astrocytes","X16117T>C",0.474034514207346,0.976386711640062,0.000774293457220286,1
"18","Astrocytes","X16131T>C",0.233183734742564,0.976386711640062,0,0
"19","Astrocytes","X16147C>T",0.90616763710191,0.976386711640062,0.00460318046321695,2
"20","Astrocytes","X16305A>G",0.992940474714454,0.997096951299891,0.00152039984792598,0
"21","Astrocytes","X16311T>C",0.298090723098149,0.976386711640062,0.00315691751071198,1
"22","Astrocytes","X1884G>A",0.39556206273488,0.976386711640062,9.4170825878143e-05,0
"23","Astrocytes","X189A>G",0.936964120553072,0.976386711640062,0.0422964181173184,23
"24","Astrocytes","X204T>C",0.309693646401933,0.976386711640062,0.000929152148664344,1
"25","Astrocytes","X2492G>A",0.098832477859099,0.903081766437517,0,0
"26","Astrocytes","X2537G>A",0.680024515962584,0.976386711640062,0.000624876229012455,0
"27","Astrocytes","X2571G>A",0.744293975474507,0.976386711640062,0.000615887272989138,0
"28","Astrocytes","X2623A>G",0.786931352673869,0.976386711640062,0.000991229124113901,1
"29","Astrocytes","X2702G>A",0.73614662171313,0.976386711640062,0.00125068513627983,0
"30","Astrocytes","X2777G>A",0.126713622595462,0.937434541727569,0,0
"31","Astrocytes","X2833A>G",0.838595760741075,0.976386711640062,0.000226757369614512,0
"32","Astrocytes","X3036G>A",0.890311773883187,0.976386711640062,0.000290796678106416,0
"33","Astrocytes","X3244G>A",0.115462155332993,0.927979981751532,0.00277639511088988,1
"34","Astrocytes","X564G>A",0.798327516200149,0.976386711640062,0.00630898089687689,3
"35","Astrocytes","X6207T>C",0.314546633804042,0.976386711640062,0.00156664926529803,0
"36","Astrocytes","X6651G>A",0.560173709197883,0.976386711640062,0.000690704958997642,0
"37","Astrocytes","X6956T>C",0.68164740867981,0.976386711640062,0.000460829493087558,0
"38","Astrocytes","X709G>A",0.527755568560167,0.976386711640062,0.000696834725850317,0
"39","Astrocytes","X7561T>C",0.163530430093404,0.976386711640062,0,0
"40","Astrocytes","X8027G>A",0.612556764926297,0.976386711640062,0.00010558547143913,0
"41","Astrocytes","X8251G>A",0.781669550712331,0.976386711640062,0.000851282863477985,0
"42","Astrocytes","X879T>C",0.140581603247171,0.976386711640062,0.000979350430569943,0
"43","Astrocytes","X8920G>A",0.886327931807173,0.976386711640062,0.000112397437338429,0
"44","Astrocytes I","X10345T>C",0.403840658435689,0.976386711640062,0,0
"45","Astrocytes I","X1169G>A",0.532403231749481,0.976386711640062,0,0
"46","Astrocytes I","X11711G>A",0.34988844775735,0.976386711640062,0,0
"47","Astrocytes I","X13215T>C",0.204740484827568,0.976386711640062,0.00242745227849498,0
"48","Astrocytes I","X13268G>A",3.63764825798416e-05,0.00531824175317284,0.0138440320613385,2
"49","Astrocytes I","X1345G>A",0.337119396962573,0.976386711640062,0.00774068698597,1
"50","Astrocytes I","X13676A>G",0.450994555932867,0.976386711640062,0.0029284133057718,0
"51","Astrocytes I","X14046A>G",0.389339044596719,0.976386711640062,0,0
"52","Astrocytes I","X14305G>A",0.443657325885782,0.976386711640062,0,0
"53","Astrocytes I","X146T>C",0.220316989930868,0.976386711640062,0,0
"54","Astrocytes I","X15092G>A",0.596069947443672,0.976386711640062,0,0
"55","Astrocytes I","X15438G>A",0.932851994182698,0.976386711640062,0.000377358490566038,0
"56","Astrocytes I","X15591G>A",0.476727485273565,0.976386711640062,0.00209643605870021,0
"57","Astrocytes I","X15873T>C",0.443657471329378,0.976386711640062,0,0
"58","Astrocytes I","X16027T>C",0.552380710719469,0.976386711640062,0.0161725067385445,1
"59","Astrocytes I","X16098A>G",0.517025789254734,0.976386711640062,0.0107816711590297,1
"60","Astrocytes I","X16117T>C",0.273031174971719,0.976386711640062,0.0165094339622642,1
"61","Astrocytes I","X16131T>C",0.000197080592471401,0.0180082391370743,0.0163522012578616,1
"62","Astrocytes I","X16147C>T",0.838281064095997,0.976386711640062,0.0125786163522013,1
"63","Astrocytes I","X16305A>G",0.00513103838083864,0.221133728126415,0.0138849520405519,1
"64","Astrocytes I","X16311T>C",0.32940558899263,0.976386711640062,0.0190141875091414,1
"65","Astrocytes I","X1884G>A",0.521147339016439,0.976386711640062,0,0
"66","Astrocytes I","X189A>G",0.840822129616283,0.976386711640062,0.0733025682964348,6
"67","Astrocytes I","X204T>C",0.48970009617426,0.976386711640062,0,0
"68","Astrocytes I","X2492G>A",0.499822462952349,0.976386711640062,0,0
"69","Astrocytes I","X2537G>A",0.391304615144864,0.976386711640062,0.00269541778975741,0
"70","Astrocytes I","X2571G>A",0.082056912921658,0.869553937471688,0.00161835159330568,0
"71","Astrocytes I","X2623A>G",0.499822453202694,0.976386711640062,0,0
"72","Astrocytes I","X2702G>A",0.419118546664722,0.976386711640062,0,0
"73","Astrocytes I","X2777G>A",0.532403235370147,0.976386711640062,0,0
"74","Astrocytes I","X2833A>G",0.510296509037174,0.976386711640062,0,0
"75","Astrocytes I","X3036G>A",0.24939423660131,0.976386711640062,0.000465874679711158,0
"76","Astrocytes I","X3244G>A",0.479907240706041,0.976386711640062,0,0
"77","Astrocytes I","X564G>A",0.30504879621344,0.976386711640062,0,0
"78","Astrocytes I","X6207T>C",0.14234211826634,0.976386711640062,0.00404312668463612,0
"79","Astrocytes I","X6651G>A",0.375549313024729,0.976386711640062,0,0
"80","Astrocytes I","X6956T>C",0.479907216371656,0.976386711640062,0,0
"81","Astrocytes I","X709G>A",0.530878543033968,0.976386711640062,0.00628930817610063,1
"82","Astrocytes I","X7561T>C",0.215951919875338,0.976386711640062,0.00943396226415094,1
"83","Astrocytes I","X8027G>A",0.582196393301822,0.976386711640062,0,0
"84","Astrocytes I","X8251G>A",0.499822462952349,0.976386711640062,0,0
"85","Astrocytes I","X879T>C",0.63434211074256,0.976386711640062,0.00179694519317161,0
"86","Astrocytes I","X8920G>A",0.642206131898637,0.976386711640062,0,0
"87","CD8 T-Cells","X10345T>C",0.252521170846144,0.976386711640062,0.00740740740740741,0
"88","CD8 T-Cells","X1169G>A",0.657556723194342,0.976386711640062,0,0
"89","CD8 T-Cells","X11711G>A",0.506868492226089,0.976386711640062,0,0
"90","CD8 T-Cells","X13215T>C",0.506868488818944,0.976386711640062,0,0
"91","CD8 T-Cells","X13268G>A",0.47123935055138,0.976386711640062,0,0
"92","CD8 T-Cells","X1345G>A",0.49279861415445,0.976386711640062,0.0349794238683128,1
"93","CD8 T-Cells","X13676A>G",0.195943813548458,0.976386711640062,0.0458994708994709,1
"94","CD8 T-Cells","X14046A>G",0.541074702940163,0.976386711640062,0,0
"95","CD8 T-Cells","X14305G>A",0.58651682367673,0.976386711640062,0,0
"96","CD8 T-Cells","X146T>C",0.761619405401067,0.976386711640062,0.00462962962962963,0
"97","CD8 T-Cells","X15092G>A",0.706657877570268,0.976386711640062,0,0
"98","CD8 T-Cells","X15438G>A",0.491091570191805,0.976386711640062,0,0
"99","CD8 T-Cells","X15591G>A",0.608316385446991,0.976386711640062,0,0
"100","CD8 T-Cells","X15873T>C",0.586516943115808,0.976386711640062,0,0
"101","CD8 T-Cells","X16027T>C",0.175932919113025,0.976386711640062,0.037037037037037,1
"102","CD8 T-Cells","X16098A>G",0.41045946737104,0.976386711640062,0,0
"103","CD8 T-Cells","X16117T>C",0.666676567187231,0.976386711640062,0,0
"104","CD8 T-Cells","X16131T>C",0.729303271668298,0.976386711640062,0,0
"105","CD8 T-Cells","X16147C>T",0.654881518008284,0.976386711640062,0.00154320987654321,0
"106","CD8 T-Cells","X16305A>G",0.44368300810299,0.976386711640062,0,0
"107","CD8 T-Cells","X16311T>C",0.457150138126064,0.976386711640062,0,0
"108","CD8 T-Cells","X1884G>A",0.64873026651338,0.976386711640062,0,0
"109","CD8 T-Cells","X189A>G",0.998440890829444,0.998440890829444,0.0496632996632997,2
"110","CD8 T-Cells","X204T>C",0.62380483475873,0.976386711640062,0,0
"111","CD8 T-Cells","X2492G>A",0.102226318102784,0.911310226013841,0.001194743130227,0
"112","CD8 T-Cells","X2537G>A",0.631872475412737,0.976386711640062,0,0
"113","CD8 T-Cells","X2571G>A",0.566202092431951,0.976386711640062,0,0
"114","CD8 T-Cells","X2623A>G",0.631872462496654,0.976386711640062,0,0
"115","CD8 T-Cells","X2702G>A",0.566202096566807,0.976386711640062,0,0
"116","CD8 T-Cells","X2777G>A",1.32668726202778e-28,9.69808388542307e-26,0.158681712832932,5
"117","CD8 T-Cells","X2833A>G",0.640175263932204,0.976386711640062,0,0
"118","CD8 T-Cells","X3036G>A",0.676114936160213,0.976386711640062,0,0
"119","CD8 T-Cells","X3244G>A",0.615957361893218,0.976386711640062,0,0
"120","CD8 T-Cells","X564G>A",0.50298832251926,0.976386711640062,0.00105820105820106,0
"121","CD8 T-Cells","X6207T>C",0.529244963245309,0.976386711640062,0,0
"122","CD8 T-Cells","X6651G>A",0.529244983396231,0.976386711640062,0,0
"123","CD8 T-Cells","X6956T>C",0.615957342339679,0.976386711640062,0,0
"124","CD8 T-Cells","X709G>A",0.171948988849483,0.976386711640062,0.00137174211248285,0
"125","CD8 T-Cells","X7561T>C",0.0358159645122346,0.733674650374548,0.00205761316872428,0
"126","CD8 T-Cells","X8027G>A",0.696068562308078,0.976386711640062,0,0
"127","CD8 T-Cells","X8251G>A",0.631872470246304,0.976386711640062,0,0
"128","CD8 T-Cells","X879T>C",0.566202100701662,0.976386711640062,0,0
"129","CD8 T-Cells","X8920G>A",0.741488773291822,0.976386711640062,0,0
"130","Endothelial Cells","X10345T>C",0.0475645861364646,0.759193064198203,0.00175578082554827,0
"131","Endothelial Cells","X1169G>A",0.20758838400767,0.976386711640062,0.000664451827242525,0
"132","Endothelial Cells","X11711G>A",0.706053820405447,0.976386711640062,0.000611995104039168,0
"133","Endothelial Cells","X13215T>C",0.70532786204685,0.976386711640062,0.00105708245243129,0
"134","Endothelial Cells","X13268G>A",0.815147186466865,0.976386711640062,0.00372093023255814,0
"135","Endothelial Cells","X1345G>A",0.351479263084382,0.976386711640062,0,0
"136","Endothelial Cells","X13676A>G",0.00495191018588141,0.221133728126415,0.0275596926655008,1
"137","Endothelial Cells","X14046A>G",0.581288986903677,0.976386711640062,0.000968992248062015,0
"138","Endothelial Cells","X14305G>A",0.491078384621738,0.976386711640062,0,0
"139","Endothelial Cells","X146T>C",0.270556206139848,0.976386711640062,0,0
"140","Endothelial Cells","X15092G>A",0.633734322614481,0.976386711640062,0,0
"141","Endothelial Cells","X15438G>A",0.383333109242656,0.976386711640062,0,0
"142","Endothelial Cells","X15591G>A",0.354728882279574,0.976386711640062,0.000628535512256443,0
"143","Endothelial Cells","X15873T>C",0.491078522937397,0.976386711640062,0,0
"144","Endothelial Cells","X16027T>C",0.491078510130396,0.976386711640062,0,0
"145","Endothelial Cells","X16098A>G",0.297379067586391,0.976386711640062,0,0
"146","Endothelial Cells","X16117T>C",0.184726744798594,0.976386711640062,0.000930232558139535,0
"147","Endothelial Cells","X16131T>C",0.661298518766105,0.976386711640062,0,0
"148","Endothelial Cells","X16147C>T",0.305630191282679,0.976386711640062,0,0
"149","Endothelial Cells","X16305A>G",0.028850573026444,0.713807041744214,0.00119193332167628,0
"150","Endothelial Cells","X16311T>C",0.346514540805452,0.976386711640062,0,0
"151","Endothelial Cells","X1884G>A",0.226311470436407,0.976386711640062,0.00715563506261181,1
"152","Endothelial Cells","X189A>G",0.205852532457256,0.976386711640062,0.0377906976744186,2
"153","Endothelial Cells","X204T>C",0.307084049685842,0.976386711640062,0.00232558139534884,0
"154","Endothelial Cells","X2492G>A",0.279492920004095,0.976386711640062,0.00145348837209302,0
"155","Endothelial Cells","X2537G>A",0.54414460081133,0.976386711640062,0,0
"156","Endothelial Cells","X2571G>A",0.497147891639549,0.976386711640062,0.000645994832041344,0
"157","Endothelial Cells","X2623A>G",0.279492909070856,0.976386711640062,0.00136798905608755,0
"158","Endothelial Cells","X2702G>A",0.467669225801412,0.976386711640062,0,0
"159","Endothelial Cells","X2777G>A",0.574642314682142,0.976386711640062,0,0
"160","Endothelial Cells","X2833A>G",0.553970037640674,0.976386711640062,0,0
"161","Endothelial Cells","X3036G>A",0.596861005320102,0.976386711640062,0,0
"162","Endothelial Cells","X3244G>A",0.525404016862719,0.976386711640062,0,0
"163","Endothelial Cells","X564G>A",0.190443021024139,0.976386711640062,0.0020260747004933,0
"164","Endothelial Cells","X6207T>C",0.0764521813721456,0.86091806196227,0.00131314590364135,0
"165","Endothelial Cells","X6651G>A",0.425712930435495,0.976386711640062,0,0
"166","Endothelial Cells","X6956T>C",0.525403993914963,0.976386711640062,0,0
"167","Endothelial Cells","X709G>A",0.499302436306311,0.976386711640062,0,0
"168","Endothelial Cells","X7561T>C",0.608635202058934,0.976386711640062,0,0
"169","Endothelial Cells","X8027G>A",0.620909084380842,0.976386711640062,0,0
"170","Endothelial Cells","X8251G>A",0.544144594707622,0.976386711640062,0,0
"171","Endothelial Cells","X879T>C",0.467669230541984,0.976386711640062,0,0
"172","Endothelial Cells","X8920G>A",0.676203795628494,0.976386711640062,0,0
"173","excitatory neurons","X10345T>C",0.909654023129053,0.976386711640062,0,0
"174","excitatory neurons","X1169G>A",0.932365486552543,0.976386711640062,0,0
"175","excitatory neurons","X11711G>A",0.898883741527656,0.976386711640062,0,0
"176","excitatory neurons","X13215T>C",0.898883740721153,0.976386711640062,0,0
"177","excitatory neurons","X13268G>A",0.89029171716041,0.976386711640062,0,0
"178","excitatory neurons","X1345G>A",0.887952398105787,0.976386711640062,0,0
"179","excitatory neurons","X13676A>G",0.761980096656677,0.976386711640062,0,0
"180","excitatory neurons","X14046A>G",0.906848976064327,0.976386711640062,0,0
"181","excitatory neurons","X14305G>A",0.917066548889451,0.976386711640062,0,0
"182","excitatory neurons","X146T>C",0.867675373796556,0.976386711640062,0,0
"183","excitatory neurons","X15092G>A",0.94255966138687,0.976386711640062,0,0
"184","excitatory neurons","X15438G>A",0.89511907922121,0.976386711640062,0,0
"185","excitatory neurons","X15591G>A",0.921840537772933,0.976386711640062,0,0
"186","excitatory neurons","X15873T>C",0.917066575258241,0.976386711640062,0,0
"187","excitatory neurons","X16027T>C",0.917066572816688,0.976386711640062,0,0
"188","excitatory neurons","X16098A>G",0.874785979755696,0.976386711640062,0,0
"189","excitatory neurons","X16117T>C",0.934279745896812,0.976386711640062,0,0
"190","excitatory neurons","X16131T>C",0.947176536072974,0.976386711640062,0,0
"191","excitatory neurons","X16147C>T",8.84740331132197e-11,3.23372591028818e-08,0.176470588235294,0
"192","excitatory neurons","X16305A>G",0.883407543500617,0.976386711640062,0,0
"193","excitatory neurons","X16311T>C",0.886799968316383,0.976386711640062,0,0
"194","excitatory neurons","X1884G>A",0.930502970169829,0.976386711640062,0,0
"195","excitatory neurons","X189A>G",0.724634928483241,0.976386711640062,0,0
"196","excitatory neurons","X204T>C",0.925187739672194,0.976386711640062,0,0
"197","excitatory neurons","X2492G>A",0.926917443999068,0.976386711640062,0,0
"198","excitatory neurons","X2537G>A",0.926917445103828,0.976386711640062,0,0
"199","excitatory neurons","X2571G>A",0.912545929318108,0.976386711640062,0,0
"200","excitatory neurons","X2623A>G",0.926917442341927,0.976386711640062,0,0
"201","excitatory neurons","X2702G>A",0.912545930245711,0.976386711640062,0,0
"202","excitatory neurons","X2777G>A",0.932365487148474,0.976386711640062,0,0
"203","excitatory neurons","X2833A>G",0.928688139991064,0.976386711640062,0,0
"204","excitatory neurons","X3036G>A",0.936250405482546,0.976386711640062,0,0
"205","excitatory neurons","X3244G>A",0.923496274892719,0.976386711640062,0,0
"206","excitatory neurons","X564G>A",0.889116188007951,0.976386711640062,0,0
"207","excitatory neurons","X6207T>C",0.904123151287132,0.976386711640062,0,0
"208","excitatory neurons","X6651G>A",0.904123155955472,0.976386711640062,0,0
"209","excitatory neurons","X6956T>C",0.923496270666835,0.976386711640062,0,0
"210","excitatory neurons","X709G>A",0.91862759159989,0.976386711640062,0,0
"211","excitatory neurons","X7561T>C",0.938282871282264,0.976386711640062,0,0
"212","excitatory neurons","X8027G>A",0.940383467511424,0.976386711640062,0,0
"213","excitatory neurons","X8251G>A",0.926917443999068,0.976386711640062,0,0
"214","excitatory neurons","X879T>C",0.912545931173314,0.976386711640062,0,0
"215","excitatory neurons","X8920G>A",0.949641461137142,0.976386711640062,0,0
"216","GABA inhibitory neurons","X10345T>C",0.61047015192563,0.976386711640062,0,0
"217","GABA inhibitory neurons","X1169G>A",0.703212699947775,0.976386711640062,0,0
"218","GABA inhibitory neurons","X11711G>A",0.56837973485361,0.976386711640062,0,0
"219","GABA inhibitory neurons","X13215T>C",0.568379731751814,0.976386711640062,0,0
"220","GABA inhibitory neurons","X13268G>A",0.535780045719326,0.976386711640062,0,0
"221","GABA inhibitory neurons","X1345G>A",0.527062088108354,0.976386711640062,0,0
"222","GABA inhibitory neurons","X13676A>G",0.853456452326607,0.976386711640062,0.00334821428571429,0
"223","GABA inhibitory neurons","X14046A>G",0.599381894965028,0.976386711640062,0,0
"224","GABA inhibitory neurons","X14305G>A",0.640178087296283,0.976386711640062,0,0
"225","GABA inhibitory neurons","X146T>C",0.454495842676571,0.976386711640062,0,0
"226","GABA inhibitory neurons","X15092G>A",0.746350817105374,0.976386711640062,0,0
"227","GABA inhibitory neurons","X15438G>A",0.553985441028494,0.976386711640062,0,0
"228","GABA inhibitory neurons","X15591G>A",0.659609539791009,0.976386711640062,0,0
"229","GABA inhibitory neurons","X15873T>C",0.64017819399448,0.976386711640062,0,0
"230","GABA inhibitory neurons","X16027T>C",0.640178184115021,0.976386711640062,0,0
"231","GABA inhibitory neurons","X16098A>G",0.479314570317829,0.976386711640062,0,0
"232","GABA inhibitory neurons","X16117T>C",0.711248861722991,0.976386711640062,0,0
"233","GABA inhibitory neurons","X16131T>C",0.766148322711761,0.976386711640062,0,0
"234","GABA inhibitory neurons","X16147C>T",0.486783825829023,0.976386711640062,0,0
"235","GABA inhibitory neurons","X16305A>G",0.510323911999553,0.976386711640062,0,0
"236","GABA inhibitory neurons","X16311T>C",0.522792771069177,0.976386711640062,0,0
"237","GABA inhibitory neurons","X1884G>A",0.695423879432758,0.976386711640062,0,0
"238","GABA inhibitory neurons","X189A>G",0.898744280562338,0.976386711640062,0.0575,1
"239","GABA inhibitory neurons","X204T>C",0.673365897843103,0.976386711640062,0,0
"240","GABA inhibitory neurons","X2492G>A",0.0398911154427228,0.759193064198203,0.00333333333333333,0
"241","GABA inhibitory neurons","X2537G>A",0.680515911972815,0.976386711640062,0,0
"242","GABA inhibitory neurons","X2571G>A",0.120412458891979,0.927979981751532,0.000757575757575758,0
"243","GABA inhibitory neurons","X2623A>G",0.680515900534032,0.976386711640062,0,0
"244","GABA inhibitory neurons","X2702G>A",0.621991351585376,0.976386711640062,0,0
"245","GABA inhibitory neurons","X2777G>A",0.703212702444679,0.976386711640062,0,0
"246","GABA inhibitory neurons","X2833A>G",0.0337304354718484,0.725204362644741,0.002,0
"247","GABA inhibitory neurons","X3036G>A",0.71955376644616,0.976386711640062,0,0
"248","GABA inhibitory neurons","X3244G>A",0.666400977232675,0.976386711640062,0,0
"249","GABA inhibitory neurons","X564G>A",0.531390578356219,0.976386711640062,0,0
"250","GABA inhibitory neurons","X6207T>C",0.00129033716060427,0.0857487694910655,0.00321951219512195,0
"251","GABA inhibitory neurons","X6651G>A",0.172614132822244,0.976386711640062,0.00625,0
"252","GABA inhibitory neurons","X6956T>C",0.0543563990767132,0.759193064198203,0.00222222222222222,0
"253","GABA inhibitory neurons","X709G>A",0.646506990324539,0.976386711640062,0,0
"254","GABA inhibitory neurons","X7561T>C",0.0103468961362096,0.328851351111704,0.005,0
"255","GABA inhibitory neurons","X8027G>A",0.737073170699146,0.976386711640062,0,0
"256","GABA inhibitory neurons","X8251G>A",0.680515907397302,0.976386711640062,0,0
"257","GABA inhibitory neurons","X879T>C",0.621991355295245,0.976386711640062,0,0
"258","GABA inhibitory neurons","X8920G>A",0.776778728520641,0.976386711640062,0,0
"259","Glia Cells","X10345T>C",0.236998489885321,0.976386711640062,0.00208129683936136,1
"260","Glia Cells","X1169G>A",0.302915559443966,0.976386711640062,0.000529188948306595,1
"261","Glia Cells","X11711G>A",0.311638647231566,0.976386711640062,0.00251195032934133,1
"262","Glia Cells","X13215T>C",0.354225538976959,0.976386711640062,0.00364099718719284,2
"263","Glia Cells","X13268G>A",0.0785838224176537,0.86091806196227,0.000937667561642971,0
"264","Glia Cells","X1345G>A",0.0256508325032383,0.669669948566685,0.00226798826722005,2
"265","Glia Cells","X13676A>G",0.497307733528955,0.976386711640062,0.00766746054927346,2
"266","Glia Cells","X14046A>G",0.42822286768247,0.976386711640062,0.00135260888101797,0
"267","Glia Cells","X14305G>A",0.203332018934169,0.976386711640062,0.000427064765300059,0
"268","Glia Cells","X146T>C",0.254274037767417,0.976386711640062,0.0146820332816322,13
"269","Glia Cells","X15092G>A",0.383844958537916,0.976386711640062,0.00343098513328777,2
"270","Glia Cells","X15438G>A",0.0574250085616193,0.759193064198203,0.000627965258647077,0
"271","Glia Cells","X15591G>A",0.624384948881255,0.976386711640062,0.00126602342159618,2
"272","Glia Cells","X15873T>C",0.525538877408549,0.976386711640062,0.00133170681826747,1
"273","Glia Cells","X16027T>C",0.0820782786395984,0.869553937471688,0.000487832874196511,0
"274","Glia Cells","X16098A>G",0.678057072755577,0.976386711640062,0.0105383147996784,9
"275","Glia Cells","X16117T>C",0.735473786861114,0.976386711640062,0.000638111888111888,0
"276","Glia Cells","X16131T>C",0.0868563021377679,0.876684423008277,0,0
"277","Glia Cells","X16147C>T",0.597800827543325,0.976386711640062,0.00555987263652034,4
"278","Glia Cells","X16305A>G",0.284161514011886,0.976386711640062,0.00161994135236282,1
"279","Glia Cells","X16311T>C",0.0548890708895394,0.759193064198203,0.000922721146777751,0
"280","Glia Cells","X1884G>A",0.995339263503596,0.997096951299891,0.000546004921004921,0
"281","Glia Cells","X189A>G",0.0038654477104409,0.217357098179408,0.0267288258013525,24
"282","Glia Cells","X204T>C",0.756220953621878,0.976386711640062,0.00723140495867769,4
"283","Glia Cells","X2492G>A",0.196309847321683,0.976386711640062,0.00105218855218855,1
"284","Glia Cells","X2537G>A",0.448011259905177,0.976386711640062,0.00039702581369248,0
"285","Glia Cells","X2571G>A",0.561769678472548,0.976386711640062,0.00151813666122227,1
"286","Glia Cells","X2623A>G",0.0530430200865356,0.759193064198203,0.00140849844809885,1
"287","Glia Cells","X2702G>A",0.741620380084402,0.976386711640062,0.0019321009084941,2
"288","Glia Cells","X2777G>A",0.300108155595864,0.976386711640062,0.000168969102792632,0
"289","Glia Cells","X2833A>G",0.907934073128129,0.976386711640062,0.000272864972936812,0
"290","Glia Cells","X3036G>A",0.146586270033979,0.976386711640062,7.01459034792368e-05,0
"291","Glia Cells","X3244G>A",0.0487611135375076,0.759193064198203,3.38203463203463e-05,0
"292","Glia Cells","X564G>A",0.70318838757327,0.976386711640062,0.00270861198585584,1
"293","Glia Cells","X6207T>C",0.315967074336817,0.976386711640062,0.00113241629304493,0
"294","Glia Cells","X6651G>A",0.144776734159274,0.976386711640062,0.00171156004489338,1
"295","Glia Cells","X6956T>C",0.0491130193108081,0.759193064198203,0.000111408199643494,0
"296","Glia Cells","X709G>A",0.831550534287714,0.976386711640062,0.0032824569221628,3
"297","Glia Cells","X7561T>C",0.466674119785406,0.976386711640062,0.00126262626262626,1
"298","Glia Cells","X8027G>A",0.484442878996107,0.976386711640062,0.00246151418026418,1
"299","Glia Cells","X8251G>A",0.195054395858793,0.976386711640062,0.00064884960718294,1
"300","Glia Cells","X879T>C",0.56346243877243,0.976386711640062,0.00210139729934451,1
"301","Glia Cells","X8920G>A",0.936677334931393,0.976386711640062,0.00016631367437819,0
"302","Glia Cells I","X10345T>C",0.649418302487007,0.976386711640062,0.000488477718079236,0
"303","Glia Cells I","X1169G>A",0.234638855464368,0.976386711640062,0,0
"304","Glia Cells I","X11711G>A",0.499281765346943,0.976386711640062,0.00124482731948795,0
"305","Glia Cells I","X13215T>C",0.503014734193166,0.976386711640062,0.00169166323883808,0
"306","Glia Cells I","X13268G>A",0.0420739417817644,0.759193064198203,0.00347551618765861,1
"307","Glia Cells I","X1345G>A",0.426647896223459,0.976386711640062,0.00574464430807109,4
"308","Glia Cells I","X13676A>G",0.848825439864804,0.976386711640062,0.00680947199979252,0
"309","Glia Cells I","X14046A>G",0.756087558804699,0.976386711640062,0.000595238095238095,0
"310","Glia Cells I","X14305G>A",0.47249556185619,0.976386711640062,0.000137362637362637,0
"311","Glia Cells I","X146T>C",0.981349277448858,0.992207913990477,0.00986720319018456,2
"312","Glia Cells I","X15092G>A",0.312964619320251,0.976386711640062,0,0
"313","Glia Cells I","X15438G>A",0.0862653294515961,0.876684423008277,0.00599166792222962,1
"314","Glia Cells I","X15591G>A",0.555958299198508,0.976386711640062,0.000129282482223659,0
"315","Glia Cells I","X15873T>C",0.144781457252126,0.976386711640062,0,0
"316","Glia Cells I","X16027T>C",0.438278802637303,0.976386711640062,0.00139317204534596,0
"317","Glia Cells I","X16098A>G",0.787671812128505,0.976386711640062,0.00330802439318923,1
"318","Glia Cells I","X16117T>C",0.475001336513975,0.976386711640062,0.000196294933137038,0
"319","Glia Cells I","X16131T>C",0.353513932659676,0.976386711640062,0,0
"320","Glia Cells I","X16147C>T",0.526361456807791,0.976386711640062,0.00708791208791209,2
"321","Glia Cells I","X16305A>G",0.52772984762847,0.976386711640062,0.00641713154522939,2
"322","Glia Cells I","X16311T>C",0.450305493639933,0.976386711640062,0.00167343234746815,0
"323","Glia Cells I","X1884G>A",0.582142333174813,0.976386711640062,0.00034374227922615,0
"324","Glia Cells I","X189A>G",0.00514264484014919,0.221133728126415,0.0560211487698049,19
"325","Glia Cells I","X204T>C",0.737637054984123,0.976386711640062,0.00402930402930403,1
"326","Glia Cells I","X2492G>A",0.663890579896046,0.976386711640062,0.00137362637362637,1
"327","Glia Cells I","X2537G>A",0.656101218547521,0.976386711640062,0.000105663567202029,0
"328","Glia Cells I","X2571G>A",0.19283420855974,0.976386711640062,0.00335534744401739,1
"329","Glia Cells I","X2623A>G",0.663890572722441,0.976386711640062,0.000686813186813187,0
"330","Glia Cells I","X2702G>A",0.411418358712421,0.976386711640062,0.0032967032967033,1
"331","Glia Cells I","X2777G>A",0.521728102346987,0.976386711640062,0.00157685451803099,0
"332","Glia Cells I","X2833A>G",0.63910700541364,0.976386711640062,0.000270600270600271,0
"333","Glia Cells I","X3036G>A",0.262681046952155,0.976386711640062,0,0
"334","Glia Cells I","X3244G>A",0.0602369325902815,0.759193064198203,0.00119405518570498,0
"335","Glia Cells I","X564G>A",0.167974323539346,0.976386711640062,0.000843459651018436,0
"336","Glia Cells I","X6207T>C",0.368640404524982,0.976386711640062,0.00133910401767545,0
"337","Glia Cells I","X6651G>A",0.367818225859717,0.976386711640062,0.0013692032192981,0
"338","Glia Cells I","X6956T>C",0.0587179005373988,0.759193064198203,0.00667993554172416,1
"339","Glia Cells I","X709G>A",0.50653679582852,0.976386711640062,0.00274725274725275,1
"340","Glia Cells I","X7561T>C",0.0548636173628496,0.759193064198203,0.0112637362637363,2
"341","Glia Cells I","X8027G>A",0.294952542371529,0.976386711640062,0,0
"342","Glia Cells I","X8251G>A",0.0361317201278847,0.733674650374548,0.00385858485405997,1
"343","Glia Cells I","X879T>C",0.00667478209192497,0.243963285459858,0.00426159536424203,1
"344","Glia Cells I","X8920G>A",0.116498591851296,0.927979981751532,0.0104395604395604,2
"345","Glia Cells II","X10345T>C",0.229529156198509,0.976386711640062,0.000536480686695279,0
"346","Glia Cells II","X1169G>A",0.789363973360159,0.976386711640062,0.000190591822904902,0
"347","Glia Cells II","X11711G>A",0.135268908986968,0.976386711640062,8.41538332071026e-05,0
"348","Glia Cells II","X13215T>C",0.687424154170686,0.976386711640062,0.000648994664035811,0
"349","Glia Cells II","X13268G>A",0.0631533313818044,0.769418087334984,0.00445219458403871,2
"350","Glia Cells II","X1345G>A",0.443951947875398,0.976386711640062,0.00539369428854407,2
"351","Glia Cells II","X13676A>G",0.295285997329376,0.976386711640062,0.00805371090522094,2
"352","Glia Cells II","X14046A>G",0.496738737106819,0.976386711640062,0.000910391468331382,0
"353","Glia Cells II","X14305G>A",0.0952675989069731,0.892829384861279,0,0
"354","Glia Cells II","X146T>C",0.482035919274785,0.976386711640062,0.00842255026804383,4
"355","Glia Cells II","X15092G>A",0.447990521772699,0.976386711640062,0.000552737677201196,0
"356","Glia Cells II","X15438G>A",0.0325037646367722,0.725204362644741,0.0095147411711003,3
"357","Glia Cells II","X15591G>A",0.876690892712575,0.976386711640062,0.000980993255671367,0
"358","Glia Cells II","X15873T>C",0.0952677045406016,0.892829384861279,0,0
"359","Glia Cells II","X16027T>C",0.73328787713105,0.976386711640062,0.000429184549356223,0
"360","Glia Cells II","X16098A>G",0.0523110293277734,0.759193064198203,0.0112519131505883,5
"361","Glia Cells II","X16117T>C",0.0423381097436221,0.759193064198203,0.00133151773535045,0
"362","Glia Cells II","X16131T>C",0.288496399257378,0.976386711640062,0,0
"363","Glia Cells II","X16147C>T",0.108098337895874,0.927979981751532,0.00935835704547463,3
"364","Glia Cells II","X16305A>G",0.660994874041251,0.976386711640062,0.000933827611747593,0
"365","Glia Cells II","X16311T>C",0.758876563174804,0.976386711640062,0.00182212165051825,1
"366","Glia Cells II","X1884G>A",0.162350446947049,0.976386711640062,0,0
"367","Glia Cells II","X189A>G",0.0549634428787249,0.759193064198203,0.045517748698061,22
"368","Glia Cells II","X204T>C",0.476476963896581,0.976386711640062,0.0054554124940391,1
"369","Glia Cells II","X2492G>A",0.120714340976165,0.927979981751532,0.00483400322456116,1
"370","Glia Cells II","X2537G>A",0.120786247937681,0.927979981751532,0.00180787508743702,1
"371","Glia Cells II","X2571G>A",0.887301780285181,0.976386711640062,0.00304783230702245,1
"372","Glia Cells II","X2623A>G",0.121868780093224,0.927979981751532,0.000962399701436835,0
"373","Glia Cells II","X2702G>A",0.0784869090848386,0.86091806196227,0,0
"374","Glia Cells II","X2777G>A",0.173933264207921,0.976386711640062,0,0
"375","Glia Cells II","X2833A>G",0.151631429576378,0.976386711640062,0,0
"376","Glia Cells II","X3036G>A",0.200052446484996,0.976386711640062,0,0
"377","Glia Cells II","X3244G>A",0.412919066999575,0.976386711640062,0.000115995824150331,0
"378","Glia Cells II","X564G>A",0.427726701626386,0.976386711640062,0.0024654870655665,0
"379","Glia Cells II","X6207T>C",0.0536339268022557,0.759193064198203,0,0
"380","Glia Cells II","X6651G>A",0.338532697881994,0.976386711640062,0.00380155904013516,1
"381","Glia Cells II","X6956T>C",0.417191491273119,0.976386711640062,0.000903546419697312,1
"382","Glia Cells II","X709G>A",0.281151965811765,0.976386711640062,0.00276682699050788,1
"383","Glia Cells II","X7561T>C",0.725039719630477,0.976386711640062,0.000214592274678112,0
"384","Glia Cells II","X8027G>A",0.115081253366095,0.927979981751532,0.00620054888908353,2
"385","Glia Cells II","X8251G>A",0.476978307326427,0.976386711640062,0.00143061516452074,1
"386","Glia Cells II","X879T>C",0.893469105016206,0.976386711640062,0.000775667783722343,0
"387","Glia Cells II","X8920G>A",0.93355086409405,0.976386711640062,0.00314735336194564,1
"388","Glia Cells III","X10345T>C",0.874482605010937,0.976386711640062,0.00445570794408004,1
"389","Glia Cells III","X1169G>A",0.902609032939436,0.976386711640062,0.00393425424025179,1
"390","Glia Cells III","X11711G>A",0.120992108079021,0.927979981751532,0.007867774475459,3
"391","Glia Cells III","X13215T>C",0.62362875317305,0.976386711640062,0.00780404733893106,3
"392","Glia Cells III","X13268G>A",0.552964489066064,0.976386711640062,0.00599568646764269,1
"393","Glia Cells III","X1345G>A",0.332359258361917,0.976386711640062,0.00292235757352036,1
"394","Glia Cells III","X13676A>G",0.185150765069876,0.976386711640062,0.00506750954575734,0
"395","Glia Cells III","X14046A>G",0.158441133596179,0.976386711640062,0.000430663221360896,0
"396","Glia Cells III","X14305G>A",0.437960871594319,0.976386711640062,0.00106527032399125,0
"397","Glia Cells III","X146T>C",0.418267196066105,0.976386711640062,0.00531845415566346,2
"398","Glia Cells III","X15092G>A",0.126957619194295,0.937434541727569,0.0022609819121447,2
"399","Glia Cells III","X15438G>A",0.840517080623225,0.976386711640062,0.00501924368679992,2
"400","Glia Cells III","X15591G>A",0.325561173929594,0.976386711640062,0.000704721634954193,0
"401","Glia Cells III","X15873T>C",0.153691840094336,0.976386711640062,0.00539851198431792,2
"402","Glia Cells III","X16027T>C",0.875162355976675,0.976386711640062,0.00229034531360113,2
"403","Glia Cells III","X16098A>G",0.578877508766427,0.976386711640062,0.00250500819257139,1
"404","Glia Cells III","X16117T>C",0.162160408522764,0.976386711640062,0,0
"405","Glia Cells III","X16131T>C",0.897351303109194,0.976386711640062,0.000430663221360896,0
"406","Glia Cells III","X16147C>T",0.995732933582654,0.997096951299891,0.00509258783072593,3
"407","Glia Cells III","X16305A>G",0.785921344345507,0.976386711640062,0.00217062682604697,0
"408","Glia Cells III","X16311T>C",0.972691678749473,0.987552246063701,0.00496223414828066,3
"409","Glia Cells III","X1884G>A",0.962956256707096,0.983129921302915,0.00181214134702507,1
"410","Glia Cells III","X189A>G",0.984313695442727,0.99383054056441,0.0484537242916176,21
"411","Glia Cells III","X204T>C",0.111438613473218,0.927979981751532,0,0
"412","Glia Cells III","X2492G>A",0.913616435358674,0.976386711640062,0.00153038259564891,1
"413","Glia Cells III","X2537G>A",0.913616436663041,0.976386711640062,0.000706180685958239,0
"414","Glia Cells III","X2571G>A",0.971793749543554,0.987552246063701,0.00188015753938485,1
"415","Glia Cells III","X2623A>G",0.119981059928307,0.927979981751532,0,0
"416","Glia Cells III","X2702G>A",0.575502838450971,0.976386711640062,0.00347416515687032,1
"417","Glia Cells III","X2777G>A",0.0139769175089789,0.425713612460981,0.00184474706020534,0
"418","Glia Cells III","X2833A>G",0.476229308855651,0.976386711640062,0.00158730158730159,0
"419","Glia Cells III","X3036G>A",0.766780153572633,0.976386711640062,0.000282519478974603,0
"420","Glia Cells III","X3244G>A",0.809238852924717,0.976386711640062,0.00407473663287617,1
"421","Glia Cells III","X564G>A",0.162189865774549,0.976386711640062,0.00115356220007383,1
"422","Glia Cells III","X6207T>C",0.345396837887843,0.976386711640062,0.000243296754924662,0
"423","Glia Cells III","X6651G>A",0.865751531189568,0.976386711640062,0.0044250966746983,1
"424","Glia Cells III","X6956T>C",0.0678205416105374,0.812734687168899,0.0047955882087209,1
"425","Glia Cells III","X709G>A",0.375595967276098,0.976386711640062,0.00866475676890237,4
"426","Glia Cells III","X7561T>C",0.189344185297569,0.976386711640062,0,0
"427","Glia Cells III","X8027G>A",0.617212341164418,0.976386711640062,0.00260931245883366,1
"428","Glia Cells III","X8251G>A",0.538936256544796,0.976386711640062,0.00431566710636478,1
"429","Glia Cells III","X879T>C",0.210400034175935,0.976386711640062,0.000553709856035437,0
"430","Glia Cells III","X8920G>A",0.979474540361054,0.991684056792147,0.00110741971207087,1
"431","inhibitory neurons","X10345T>C",0.184893928479363,0.976386711640062,0.00100271215286939,0
"432","inhibitory neurons","X1169G>A",0.17213915556851,0.976386711640062,0.0090764692534604,1
"433","inhibitory neurons","X11711G>A",0.357444358569188,0.976386711640062,0.00753103670352545,1
"434","inhibitory neurons","X13215T>C",0.167003248380349,0.976386711640062,0,0
"435","inhibitory neurons","X13268G>A",0.422478454848073,0.976386711640062,8.76193814071673e-05,0
"436","inhibitory neurons","X1345G>A",0.125464942728699,0.937434541727569,0,0
"437","inhibitory neurons","X13676A>G",0.00280651699675718,0.170963660385792,0.00600290666351929,0
"438","inhibitory neurons","X14046A>G",0.203187966469986,0.976386711640062,0,0
"439","inhibitory neurons","X14305G>A",0.462630619092919,0.976386711640062,0.00505689001264222,1
"440","inhibitory neurons","X146T>C",0.21827855749787,0.976386711640062,0.000737463126843658,0
"441","inhibitory neurons","X15092G>A",0.433290248334581,0.976386711640062,0,0
"442","inhibitory neurons","X15438G>A",0.955529690845209,0.98037642304825,0.00259867958983003,1
"443","inhibitory neurons","X15591G>A",0.364682148461471,0.976386711640062,0.000708850665101288,0
"444","inhibitory neurons","X15873T>C",0.835347245337775,0.976386711640062,0.000110619469026549,0
"445","inhibitory neurons","X16027T>C",0.257464911366907,0.976386711640062,0,0
"446","inhibitory neurons","X16098A>G",0.863991531811333,0.976386711640062,0.00641592920353982,2
"447","inhibitory neurons","X16117T>C",0.369844545834942,0.976386711640062,0,0
"448","inhibitory neurons","X16131T>C",0.463053520079245,0.976386711640062,0.000589970501474926,0
"449","inhibitory neurons","X16147C>T",0.835058678230337,0.976386711640062,0.00494183991935334,1
"450","inhibitory neurons","X16305A>G",0.797406258451247,0.976386711640062,0.00101468076088213,0
"451","inhibitory neurons","X16311T>C",0.0620499885753096,0.76878884150087,0.0017182222631687,0
"452","inhibitory neurons","X1884G>A",0.876431677391393,0.976386711640062,0.000155255395124981,0
"453","inhibitory neurons","X189A>G",0.398314722880434,0.976386711640062,0.0247789512243694,5
"454","inhibitory neurons","X204T>C",0.0381204204393626,0.753135874085786,0.00523598820058997,1
"455","inhibitory neurons","X2492G>A",0.0302098017863077,0.713807041744214,0.00208880352685662,0
"456","inhibitory neurons","X2537G>A",0.946712443043112,0.976386711640062,0.00221238938053097,1
"457","inhibitory neurons","X2571G>A",0.76350361684737,0.976386711640062,0.00221238938053097,1
"458","inhibitory neurons","X2623A>G",0.318525538363382,0.976386711640062,0,0
"459","inhibitory neurons","X2702G>A",0.567206005460022,0.976386711640062,0.000669803124841663,0
"460","inhibitory neurons","X2777G>A",0.831826607704088,0.976386711640062,0.000245821042281219,0
"461","inhibitory neurons","X2833A>G",0.330424577443511,0.976386711640062,0,0
"462","inhibitory neurons","X3036G>A",0.384400814731479,0.976386711640062,0,0
"463","inhibitory neurons","X3244G>A",0.969229522194265,0.986778246133716,0.000218507593138862,0
"464","inhibitory neurons","X564G>A",0.905430904717158,0.976386711640062,0.000666892492695939,0
"465","inhibitory neurons","X6207T>C",0.611361014248903,0.976386711640062,0.000192381685263563,0
"466","inhibitory neurons","X6651G>A",0.0574516974035597,0.759193064198203,0.000772745676441668,0
"467","inhibitory neurons","X6956T>C",0.296333638534324,0.976386711640062,0,0
"468","inhibitory neurons","X709G>A",0.866067036684925,0.976386711640062,9.51565324959559e-05,0
"469","inhibitory neurons","X7561T>C",0.098582142927843,0.903081766437517,0.00126422250316056,0
"470","inhibitory neurons","X8027G>A",0.416037608963476,0.976386711640062,0,0
"471","inhibitory neurons","X8251G>A",0.318525549367471,0.976386711640062,0,0
"472","inhibitory neurons","X879T>C",0.752244914109607,0.976386711640062,0.000184365781710914,0
"473","inhibitory neurons","X8920G>A",0.492190105324575,0.976386711640062,0,0
"474","Microglia","X10345T>C",0.899753365339144,0.976386711640062,0.00260318897784272,1
"475","Microglia","X1169G>A",0.779759153824103,0.976386711640062,0.00105064189072286,1
"476","Microglia","X11711G>A",0.12080132751225,0.927979981751532,0.000597580557094727,0
"477","Microglia","X13215T>C",0.459248997629702,0.976386711640062,0.00359006411637991,2
"478","Microglia","X13268G>A",0.115518849957968,0.927979981751532,0.000800178274048709,0
"479","Microglia","X1345G>A",1.80257558371421e-08,4.39227583898362e-06,0.0291535030940314,19
"480","Microglia","X13676A>G",0.780850256918753,0.976386711640062,0.0128257539606767,7
"481","Microglia","X14046A>G",0.00574943781608541,0.233491057975469,0.00773264815048961,4
"482","Microglia","X14305G>A",0.000155716072147522,0.016261206962834,0.0188708951866847,10
"483","Microglia","X146T>C",0.188275502733434,0.976386711640062,0.0120262701287632,7
"484","Microglia","X15092G>A",0.75269418888416,0.976386711640062,0.00136982131441965,1
"485","Microglia","X15438G>A",0.336180616757292,0.976386711640062,0.000658277037602026,0
"486","Microglia","X15591G>A",0.71639723912363,0.976386711640062,0.000864445243137756,1
"487","Microglia","X15873T>C",0.0722229566741127,0.851531956915748,0.00122509915446204,0
"488","Microglia","X16027T>C",0.725858020934272,0.976386711640062,0.00228820978514452,2
"489","Microglia","X16098A>G",0.191932792850487,0.976386711640062,0.00279592931947503,2
"490","Microglia","X16117T>C",0.837055395351241,0.976386711640062,0.00172518486072847,1
"491","Microglia","X16131T>C",0.0302708868591937,0.713807041744214,0.00762275220479555,4
"492","Microglia","X16147C>T",0.82750132904133,0.976386711640062,0.00331804602572244,1
"493","Microglia","X16305A>G",0.87840020626654,0.976386711640062,0.00272363336355183,3
"494","Microglia","X16311T>C",0.683802795065661,0.976386711640062,0.0018760047977509,1
"495","Microglia","X1884G>A",0.461823732542686,0.976386711640062,0.000662016884316053,0
"496","Microglia","X189A>G",0.919009513190066,0.976386711640062,0.0388182693323502,34
"497","Microglia","X204T>C",0.366235033928648,0.976386711640062,0.00454119181479079,3
"498","Microglia","X2492G>A",0.949672984919404,0.976386711640062,0.000984948635324575,1
"499","Microglia","X2537G>A",0.297265930725574,0.976386711640062,0.00341107734308907,2
"500","Microglia","X2571G>A",0.0238024654700105,0.644429713280654,0.000101214574898785,0
"501","Microglia","X2623A>G",0.946008721427304,0.976386711640062,0.00148598541047054,1
"502","Microglia","X2702G>A",0.0592284090767284,0.759193064198203,0.00118562020724309,1
"503","Microglia","X2777G>A",0.357920590131549,0.976386711640062,0.000113870084263862,0
"504","Microglia","X2833A>G",0.539016523533885,0.976386711640062,0.00273065141486194,2
"505","Microglia","X3036G>A",0.0148391169108492,0.433895778473229,0.00252805986626366,2
"506","Microglia","X3244G>A",0.189071689342481,0.976386711640062,0.00349025431943763,2
"507","Microglia","X564G>A",0.885390516337942,0.976386711640062,0.00180558102573507,1
"508","Microglia","X6207T>C",0.393178229041603,0.976386711640062,0.008155002891845,4
"509","Microglia","X6651G>A",0.193046480811934,0.976386711640062,0.000340340325533487,0
"510","Microglia","X6956T>C",0.193053656338507,0.976386711640062,0.000783798442576494,0
"511","Microglia","X709G>A",0.294053623390616,0.976386711640062,0.000401834147964179,0
"512","Microglia","X7561T>C",0.966738474780114,0.98561481877861,0.00404108562003299,2
"513","Microglia","X8027G>A",0.237611565743722,0.976386711640062,0.000134952766531714,0
"514","Microglia","X8251G>A",0.294632831890647,0.976386711640062,0.00758988818199344,5
"515","Microglia","X879T>C",0.946983180875985,0.976386711640062,0.00196156612565281,2
"516","Microglia","X8920G>A",0.408541737482143,0.976386711640062,0.00170862378618611,1
"517","Oligodendrocytes","X10345T>C",0.189495277462986,0.976386711640062,0,0
"518","Oligodendrocytes","X1169G>A",0.326438316372848,0.976386711640062,0,0
"519","Oligodendrocytes","X11711G>A",0.461852127966972,0.976386711640062,0.0010498687664042,0
"520","Oligodendrocytes","X13215T>C",0.463438028724813,0.976386711640062,0.00393700787401575,1
"521","Oligodendrocytes","X13268G>A",0.359832777809016,0.976386711640062,0.00131233595800525,0
"522","Oligodendrocytes","X1345G>A",0.749433886048386,0.976386711640062,0.00171302116647184,0
"523","Oligodendrocytes","X13676A>G",0.0330028987572457,0.725204362644741,0.00444944381952256,0
"524","Oligodendrocytes","X14046A>G",0.17605744318634,0.976386711640062,0,0
"525","Oligodendrocytes","X14305G>A",0.746401177943335,0.976386711640062,0.000605693519079346,0
"526","Oligodendrocytes","X146T>C",0.423740578435578,0.976386711640062,0.00542866924243165,2
"527","Oligodendrocytes","X15092G>A",0.658455638799435,0.976386711640062,0.00708661417322835,1
"528","Oligodendrocytes","X15438G>A",0.199932932415137,0.976386711640062,0.00277227789965168,0
"529","Oligodendrocytes","X15591G>A",0.256594091763033,0.976386711640062,0,0
"530","Oligodendrocytes","X15873T>C",0.228583628772929,0.976386711640062,0,0
"531","Oligodendrocytes","X16027T>C",0.572337252478936,0.976386711640062,0.00144356955380577,0
"532","Oligodendrocytes","X16098A>G",0.223638488014839,0.976386711640062,0.0078740157480315,1
"533","Oligodendrocytes","X16117T>C",0.340349388627526,0.976386711640062,0,0
"534","Oligodendrocytes","X16131T>C",0.0465304821840431,0.759193064198203,0.00199975003124609,0
"535","Oligodendrocytes","X16147C>T",0.978639908558378,0.991684056792147,0.00653668291463567,2
"536","Oligodendrocytes","X16305A>G",0.0899471022238315,0.876684423008277,0,0
"537","Oligodendrocytes","X16311T>C",0.324620514941702,0.976386711640062,0.00131233595800525,0
"538","Oligodendrocytes","X1884G>A",0.313260433331894,0.976386711640062,0,0
"539","Oligodendrocytes","X189A>G",0.264331494083755,0.976386711640062,0.0339957505311836,9
"540","Oligodendrocytes","X204T>C",0.27759076932755,0.976386711640062,0,0
"541","Oligodendrocytes","X2492G>A",0.958453688924433,0.981274014851205,0.0078740157480315,1
"542","Oligodendrocytes","X2537G>A",0.288884051035343,0.976386711640062,0,0
"543","Oligodendrocytes","X2571G>A",0.685010283958231,0.976386711640062,0.000997034461601391,0
"544","Oligodendrocytes","X2623A>G",0.956235827131877,0.98037642304825,0.000984251968503937,0
"545","Oligodendrocytes","X2702G>A",0.682807189024917,0.976386711640062,0.000910168487003641,0
"546","Oligodendrocytes","X2777G>A",0.922032539417462,0.976386711640062,0.0005249343832021,0
"547","Oligodendrocytes","X2833A>G",0.995449163256967,0.997096951299891,0.000749906261717285,0
"548","Oligodendrocytes","X3036G>A",0.822816759116893,0.976386711640062,0.000543035568829758,0
"549","Oligodendrocytes","X3244G>A",0.266839487742828,0.976386711640062,0,0
"550","Oligodendrocytes","X564G>A",0.783902855255027,0.976386711640062,0.00125057897174618,0
"551","Oligodendrocytes","X6207T>C",0.880860294217712,0.976386711640062,0.00150322118826056,0
"552","Oligodendrocytes","X6651G>A",0.0891029651816746,0.876684423008277,0.0149606299212598,2
"553","Oligodendrocytes","X6956T>C",0.879444598581329,0.976386711640062,0.000656167979002625,0
"554","Oligodendrocytes","X709G>A",0.535747672472691,0.976386711640062,0.00194225721784777,0
"555","Oligodendrocytes","X7561T>C",0.370638787981168,0.976386711640062,0,0
"556","Oligodendrocytes","X8027G>A",0.3871771014947,0.976386711640062,0,0
"557","Oligodendrocytes","X8251G>A",0.948317781911344,0.976386711640062,0.000656167979002625,0
"558","Oligodendrocytes","X879T>C",0.204119159836331,0.976386711640062,0,0
"559","Oligodendrocytes","X8920G>A",0.465228786716433,0.976386711640062,0,0
"560","Oligodendrocytes I","X10345T>C",0.371658964319898,0.976386711640062,0.000721500721500722,0
"561","Oligodendrocytes I","X1169G>A",0.623662746622371,0.976386711640062,0,0
"562","Oligodendrocytes I","X11711G>A",0.462548088381124,0.976386711640062,0,0
"563","Oligodendrocytes I","X13215T>C",0.512422917523396,0.976386711640062,0.00168350168350168,0
"564","Oligodendrocytes I","X13268G>A",0.625228783168064,0.976386711640062,0.00155400155400155,0
"565","Oligodendrocytes I","X1345G>A",0.415312484529636,0.976386711640062,0,0
"566","Oligodendrocytes I","X13676A>G",0.577927001929643,0.976386711640062,0.00175967823026647,0
"567","Oligodendrocytes I","X14046A>G",0.498716880620195,0.976386711640062,0,0
"568","Oligodendrocytes I","X14305G>A",0.54716126470572,0.976386711640062,0,0
"569","Oligodendrocytes I","X146T>C",0.335417986566946,0.976386711640062,0,0
"570","Oligodendrocytes I","X15092G>A",0.676992193795479,0.976386711640062,0,0
"571","Oligodendrocytes I","X15438G>A",0.445961112156839,0.976386711640062,0,0
"572","Oligodendrocytes I","X15591G>A",0.213205952573879,0.976386711640062,0.00505050505050505,0
"573","Oligodendrocytes I","X15873T>C",0.547161392579396,0.976386711640062,0,0
"574","Oligodendrocytes I","X16027T>C",0.547161380739246,0.976386711640062,0,0
"575","Oligodendrocytes I","X16098A>G",0.167190088764037,0.976386711640062,0.0189393939393939,1
"576","Oligodendrocytes I","X16117T>C",0.09410367285517,0.892829384861279,0.0278787878787879,1
"577","Oligodendrocytes I","X16131T>C",0.701692192987377,0.976386711640062,0,0
"578","Oligodendrocytes I","X16147C>T",0.370447906686721,0.976386711640062,0,0
"579","Oligodendrocytes I","X16305A>G",0.696003591632642,0.976386711640062,0.00757575757575758,1
"580","Oligodendrocytes I","X16311T>C",0.665771764545425,0.976386711640062,0.00155400155400155,0
"581","Oligodendrocytes I","X1884G>A",0.614112609203089,0.976386711640062,0,0
"582","Oligodendrocytes I","X189A>G",0.000341004476464286,0.0276971413661548,0.132956070157027,7
"583","Oligodendrocytes I","X204T>C",0.181949401490428,0.976386711640062,0.00432900432900433,0
"584","Oligodendrocytes I","X2492G>A",0.595906348294491,0.976386711640062,0,0
"585","Oligodendrocytes I","X2537G>A",0.595906353867204,0.976386711640062,0,0
"586","Oligodendrocytes I","X2571G>A",0.525452139506303,0.976386711640062,0,0
"587","Oligodendrocytes I","X2623A>G",0.595906339935421,0.976386711640062,0,0
"588","Oligodendrocytes I","X2702G>A",0.525452143916609,0.976386711640062,0,0
"589","Oligodendrocytes I","X2777G>A",0.623662749687987,0.976386711640062,0,0
"590","Oligodendrocytes I","X2833A>G",0.604867644423924,0.976386711640062,0,0
"591","Oligodendrocytes I","X3036G>A",0.643780079368478,0.976386711640062,0,0
"592","Oligodendrocytes I","X3244G>A",0.196426675976981,0.976386711640062,0.00288600288600289,0
"593","Oligodendrocytes I","X564G>A",0.0767468932991662,0.86091806196227,0.0148774567379219,1
"594","Oligodendrocytes I","X6207T>C",0.486177739287058,0.976386711640062,0,0
"595","Oligodendrocytes I","X6651G>A",0.437329987513463,0.976386711640062,0.00137741046831956,0
"596","Oligodendrocytes I","X6956T>C",0.578760779911373,0.976386711640062,0,0
"597","Oligodendrocytes I","X709G>A",0.554756471935332,0.976386711640062,0,0
"598","Oligodendrocytes I","X7561T>C",0.654407802701796,0.976386711640062,0,0
"599","Oligodendrocytes I","X8027G>A",0.665463625257781,0.976386711640062,0,0
"600","Oligodendrocytes I","X8251G>A",0.166506904443766,0.976386711640062,0.00216450216450216,0
"601","Oligodendrocytes I","X879T>C",0.327390642113834,0.976386711640062,0.00202020202020202,0
"602","Oligodendrocytes I","X8920G>A",0.715007665598891,0.976386711640062,0,0
"603","OPCs I","X10345T>C",1.47641703128917e-05,0.00269815212468096,0.0295749158249158,4
"604","OPCs I","X1169G>A",0.733415054744596,0.976386711640062,0.00025,0
"605","OPCs I","X11711G>A",0.246434950446733,0.976386711640062,0.00327380952380952,0
"606","OPCs I","X13215T>C",0.624543833282721,0.976386711640062,0.000416666666666667,0
"607","OPCs I","X13268G>A",0.159333579622749,0.976386711640062,0,0
"608","OPCs I","X1345G>A",0.150569724067641,0.976386711640062,0,0
"609","OPCs I","X13676A>G",0.826243074355381,0.976386711640062,0.00663531696797826,0
"610","OPCs I","X14046A>G",0.748256885066836,0.976386711640062,0.000204081632653061,0
"611","OPCs I","X14305G>A",0.288050935774832,0.976386711640062,0,0
"612","OPCs I","X146T>C",0.283075354621933,0.976386711640062,0.0025,1
"613","OPCs I","X15092G>A",0.462254726632312,0.976386711640062,0,0
"614","OPCs I","X15438G>A",0.00849170726895688,0.282156273345795,0.0306894586894587,4
"615","OPCs I","X15591G>A",0.273196810135184,0.976386711640062,0.00177655677655678,0
"616","OPCs I","X15873T>C",0.349020012313836,0.976386711640062,0.0181904761904762,2
"617","OPCs I","X16027T>C",0.93977797336303,0.976386711640062,0.000526315789473684,0
"618","OPCs I","X16098A>G",0.0842321251483897,0.876684423008277,0.0153102453102453,3
"619","OPCs I","X16117T>C",0.680153721134988,0.976386711640062,0.01,1
"620","OPCs I","X16131T>C",0.499065606199034,0.976386711640062,0,0
"621","OPCs I","X16147C>T",0.11397833148929,0.927979981751532,0,0
"622","OPCs I","X16305A>G",0.169178326495554,0.976386711640062,0.00512179487179487,0
"623","OPCs I","X16311T>C",0.993510493926807,0.997096951299891,0.00129850746268657,0
"624","OPCs I","X1884G>A",0.00780228006830586,0.271593653806266,0.0182323232323232,2
"625","OPCs I","X189A>G",0.991160667013532,0.997096951299891,0.0377623716153128,11
"626","OPCs I","X204T>C",0.890548159821809,0.976386711640062,0.00166666666666667,0
"627","OPCs I","X2492G>A",0.857473517035162,0.976386711640062,0.000333333333333333,0
"628","OPCs I","X2537G>A",0.349358147603349,0.976386711640062,0,0
"629","OPCs I","X2571G>A",0.0876900253736445,0.876684423008277,0.0039453781512605,1
"630","OPCs I","X2623A>G",0.349358129340129,0.976386711640062,0,0
"631","OPCs I","X2702G>A",0.262481543506366,0.976386711640062,0,0
"632","OPCs I","X2777G>A",0.386546467164308,0.976386711640062,0,0
"633","OPCs I","X2833A>G",0.163363974582711,0.976386711640062,0.00233766233766234,0
"634","OPCs I","X3036G>A",0.0789076746258168,0.86091806196227,0.00176811594202899,0
"635","OPCs I","X3244G>A",0.924995044955328,0.976386711640062,0.000833333333333333,0
"636","OPCs I","X564G>A",0.500559345404857,0.976386711640062,0.000714285714285714,0
"637","OPCs I","X6207T>C",0.219084536658574,0.976386711640062,0,0
"638","OPCs I","X6651G>A",0.609319531189291,0.976386711640062,0.0180769230769231,2
"639","OPCs I","X6956T>C",0.91958261979968,0.976386711640062,0.01,1
"640","OPCs I","X709G>A",0.297254472335293,0.976386711640062,0,0
"641","OPCs I","X7561T>C",0.592958628605902,0.976386711640062,0.00111111111111111,0
"642","OPCs I","X8027G>A",0.000774518136128739,0.0566172757510108,0.0169722222222222,3
"643","OPCs I","X8251G>A",0.349358140298061,0.976386711640062,0,0
"644","OPCs I","X879T>C",0.262481548588471,0.976386711640062,0,0
"645","OPCs I","X8920G>A",0.519332277651446,0.976386711640062,0,0
"646","OPCs II","X10345T>C",0.909654023129053,0.976386711640062,0,0
"647","OPCs II","X1169G>A",0.932365486552543,0.976386711640062,0,0
"648","OPCs II","X11711G>A",0.898883741527656,0.976386711640062,0,0
"649","OPCs II","X13215T>C",0.898883740721153,0.976386711640062,0,0
"650","OPCs II","X13268G>A",0.89029171716041,0.976386711640062,0,0
"651","OPCs II","X1345G>A",0.887952398105787,0.976386711640062,0,0
"652","OPCs II","X13676A>G",0.761980096656677,0.976386711640062,0,0
"653","OPCs II","X14046A>G",0.906848976064327,0.976386711640062,0,0
"654","OPCs II","X14305G>A",0.917066548889451,0.976386711640062,0,0
"655","OPCs II","X146T>C",0.867675373796556,0.976386711640062,0,0
"656","OPCs II","X15092G>A",0.94255966138687,0.976386711640062,0,0
"657","OPCs II","X15438G>A",0.89511907922121,0.976386711640062,0,0
"658","OPCs II","X15591G>A",0.921840537772933,0.976386711640062,0,0
"659","OPCs II","X15873T>C",0.917066575258241,0.976386711640062,0,0
"660","OPCs II","X16027T>C",0.917066572816688,0.976386711640062,0,0
"661","OPCs II","X16098A>G",0.874785979755696,0.976386711640062,0,0
"662","OPCs II","X16117T>C",0.934279745896812,0.976386711640062,0,0
"663","OPCs II","X16131T>C",0.947176536072974,0.976386711640062,0,0
"664","OPCs II","X16147C>T",0.876888064285365,0.976386711640062,0,0
"665","OPCs II","X16305A>G",0.883407543500617,0.976386711640062,0,0
"666","OPCs II","X16311T>C",0.886799968316383,0.976386711640062,0,0
"667","OPCs II","X1884G>A",0.930502970169829,0.976386711640062,0,0
"668","OPCs II","X189A>G",0.724634928483241,0.976386711640062,0,0
"669","OPCs II","X204T>C",0.925187739672194,0.976386711640062,0,0
"670","OPCs II","X2492G>A",0.926917443999068,0.976386711640062,0,0
"671","OPCs II","X2537G>A",0.926917445103828,0.976386711640062,0,0
"672","OPCs II","X2571G>A",0.912545929318108,0.976386711640062,0,0
"673","OPCs II","X2623A>G",0.926917442341927,0.976386711640062,0,0
"674","OPCs II","X2702G>A",0.912545930245711,0.976386711640062,0,0
"675","OPCs II","X2777G>A",0.932365487148474,0.976386711640062,0,0
"676","OPCs II","X2833A>G",0.928688139991064,0.976386711640062,0,0
"677","OPCs II","X3036G>A",0.936250405482546,0.976386711640062,0,0
"678","OPCs II","X3244G>A",0.923496274892719,0.976386711640062,0,0
"679","OPCs II","X564G>A",0.889116188007951,0.976386711640062,0,0
"680","OPCs II","X6207T>C",0.904123151287132,0.976386711640062,0,0
"681","OPCs II","X6651G>A",0.904123155955472,0.976386711640062,0,0
"682","OPCs II","X6956T>C",0.923496270666835,0.976386711640062,0,0
"683","OPCs II","X709G>A",0.91862759159989,0.976386711640062,0,0
"684","OPCs II","X7561T>C",0.938282871282264,0.976386711640062,0,0
"685","OPCs II","X8027G>A",0.940383467511424,0.976386711640062,0,0
"686","OPCs II","X8251G>A",0.926917443999068,0.976386711640062,0,0
"687","OPCs II","X879T>C",0.912545931173314,0.976386711640062,0,0
"688","OPCs II","X8920G>A",0.949641461137142,0.976386711640062,0,0
"689","proinflammatory Microglia","X10345T>C",0.638809482380449,0.976386711640062,0,0
"690","proinflammatory Microglia","X1169G>A",0.725556775287427,0.976386711640062,0,0
"691","proinflammatory Microglia","X11711G>A",0.599163748809996,0.976386711640062,0,0
"692","proinflammatory Microglia","X13215T>C",0.599163745880903,0.976386711640062,0,0
"693","proinflammatory Microglia","X13268G>A",0.22206663941772,0.976386711640062,0.00435729847494553,0
"694","proinflammatory Microglia","X1345G>A",0.235126925667468,0.976386711640062,0.0294117647058824,1
"695","proinflammatory Microglia","X13676A>G",0.57026961189523,0.976386711640062,0.013251454427925,0
"696","proinflammatory Microglia","X14046A>G",0.628384160815579,0.976386711640062,0,0
"697","proinflammatory Microglia","X14305G>A",0.0565524071646215,0.759193064198203,0.000576701268742791,0
"698","proinflammatory Microglia","X146T>C",0.000145113173982495,0.016261206962834,0.0470588235294118,2
"699","proinflammatory Microglia","X15092G>A",0.765679022102532,0.976386711640062,0,0
"700","proinflammatory Microglia","X15438G>A",0.585558266899869,0.976386711640062,0,0
"701","proinflammatory Microglia","X15591G>A",0.68486512367373,0.976386711640062,0,0
"702","proinflammatory Microglia","X15873T>C",0.666680234207742,0.976386711640062,0,0
"703","proinflammatory Microglia","X16027T>C",0.0565524786937986,0.759193064198203,0.000676132521974307,0
"704","proinflammatory Microglia","X16098A>G",0.514527533075694,0.976386711640062,0,0
"705","proinflammatory Microglia","X16117T>C",0.733040599693179,0.976386711640062,0,0
"706","proinflammatory Microglia","X16131T>C",0.784053755935104,0.976386711640062,0,0
"707","proinflammatory Microglia","X16147C>T",0.521670196115574,0.976386711640062,0,0
"708","proinflammatory Microglia","X16305A>G",0.544123611986716,0.976386711640062,0,0
"709","proinflammatory Microglia","X16311T>C",0.259128896043347,0.976386711640062,0.00125156445556946,0
"710","proinflammatory Microglia","X1884G>A",0.71829884165814,0.976386711640062,0,0
"711","proinflammatory Microglia","X189A>G",0.945381592141223,0.976386711640062,0.0313725490196078,1
"712","proinflammatory Microglia","X204T>C",0.697719304461726,0.976386711640062,0,0
"713","proinflammatory Microglia","X2492G>A",0.704394258697221,0.976386711640062,0,0
"714","proinflammatory Microglia","X2537G>A",0.704394262967424,0.976386711640062,0,0
"715","proinflammatory Microglia","X2571G>A",0.64962842989388,0.976386711640062,0,0
"716","proinflammatory Microglia","X2623A>G",0.704394252291916,0.976386711640062,0,0
"717","proinflammatory Microglia","X2702G>A",0.649628433375479,0.976386711640062,0,0
"718","proinflammatory Microglia","X2777G>A",0.725556777613432,0.976386711640062,0,0
"719","proinflammatory Microglia","X2833A>G",0.711249673861968,0.976386711640062,0,0
"720","proinflammatory Microglia","X3036G>A",0.740769957415894,0.976386711640062,0,0
"721","proinflammatory Microglia","X3244G>A",0.691213139675906,0.976386711640062,0,0
"722","proinflammatory Microglia","X564G>A",0.564148318262662,0.976386711640062,0,0
"723","proinflammatory Microglia","X6207T>C",0.618319682596557,0.976386711640062,0,0
"724","proinflammatory Microglia","X6651G>A",0.618319699776397,0.976386711640062,0,0
"725","proinflammatory Microglia","X6956T>C",0.691213123447743,0.976386711640062,0,0
"726","proinflammatory Microglia","X709G>A",0.672606770735936,0.976386711640062,0,0
"727","proinflammatory Microglia","X7561T>C",0.748767611760804,0.976386711640062,0,0
"728","proinflammatory Microglia","X8027G>A",0.757060172529149,0.976386711640062,0,0
"729","proinflammatory Microglia","X8251G>A",0.0219489175951435,0.617102260078842,0.00980392156862745,0
"730","proinflammatory Microglia","X879T>C",0.649628436857077,0.976386711640062,0,0
"731","proinflammatory Microglia","X8920G>A",0.793911234948268,0.976386711640062,0,0
