"","Celltype","mut","bias","kruskal_pvalue_adj","Heteroplasmy_celltype","n_cells_celltype"
"1","Endothelial Cells","X10310G>A",0.532345978052811,0.843718153895021,0,0
"2","Endothelial Cells","X11711G>A",0.873463221796333,0.924648185941248,0.000705716302046577,0
"3","Endothelial Cells","X13676A>G",0.969569217318512,0.973432042885518,0.0019723865877712,0
"4","Endothelial Cells","X14384G>A",0.555363590200558,0.851134593985525,0,0
"5","Endothelial Cells","X1485G>A",0.00141727269655884,0.0297627266277357,0.0253999561691869,1
"6","Endothelial Cells","X15755T>C",0.000597756100657493,0.0136940488514262,0.14968814968815,2
"7","Endothelial Cells","X16166A>G",0.621583443144457,0.851134593985525,0,0
"8","Endothelial Cells","X16223C>T",0.1158137257349,0.595625348654403,0.00113122171945701,0
"9","Endothelial Cells","X16261C>T",0.607142582087795,0.851134593985525,0,0
"10","Endothelial Cells","X16291C>T",0.398137326059061,0.83141608778887,0,0
"11","Endothelial Cells","X16292C>T",0.43693299283333,0.83141608778887,0,0
"12","Endothelial Cells","X16293A>G",0.310712226351096,0.830096068517663,0.00174825174825175,0
"13","Endothelial Cells","X16327C>T",9.61615069566825e-05,0.0024232699753084,0.0871794871794872,1
"14","Endothelial Cells","X16366C>T",0.283782084258712,0.830096068517663,0.0014792899408284,0
"15","Endothelial Cells","X16390G>A",0.880617319944046,0.924648185941248,0.0591964376763316,1
"16","Endothelial Cells","X16391G>A",0.321248925412299,0.830096068517663,0,0
"17","Endothelial Cells","X189A>G",0.39814180044196,0.83141608778887,0,0
"18","Endothelial Cells","X195T>C",0.543649654524063,0.851134593985525,0,0
"19","Endothelial Cells","X199T>C",0.707233018583742,0.851134593985525,0,0
"20","Endothelial Cells","X2221C>T",0.284414219810768,0.830096068517663,0,0
"21","Endothelial Cells","X2275T>C",0.621584047110626,0.851134593985525,0,0
"22","Endothelial Cells","X249A>G",0.0326346977991849,0.284105361605617,0.00118343195266272,0
"23","Endothelial Cells","X2571G>A",0.521438918062862,0.842876663779597,0,0
"24","Endothelial Cells","X2702G>A",0.428812768787621,0.83141608778887,0,0
"25","Endothelial Cells","X294T>C",0.687823991313382,0.851134593985525,0,0
"26","Endothelial Cells","X2992G>A",4.68578408880358e-26,5.90408795189251e-24,0.28934251408003,4
"27","Endothelial Cells","X3380G>A",0.607145971787756,0.851134593985525,0,0
"28","Endothelial Cells","X3591G>A",0.0229223602605206,0.213942029098193,0.00192603095828902,0
"29","Endothelial Cells","X368A>G",0.115816040016134,0.595625348654403,0.000938086303939962,0
"30","Endothelial Cells","X385A>G",0.313128599221477,0.830096068517663,0.00084530853761623,0
"31","Endothelial Cells","X5112G>A",1.46692897320735e-08,5.28094430354644e-07,0.22060502283105,3
"32","Endothelial Cells","X5329T>C",0.00801889738270105,0.113808209401185,0.00412384091886821,0
"33","Endothelial Cells","X5540G>A",0.880321621007945,0.924648185941248,0.0198511166253102,1
"34","Endothelial Cells","X564G>A",0.490759338905775,0.842876663779597,0,0
"35","Endothelial Cells","X5703G>A",0.78717047004545,0.86246503674545,0.000986193293885602,0
"36","Endothelial Cells","X5814T>C",0.0109347798585888,0.125252932925653,0.00223387723387723,0
"37","Endothelial Cells","X66G>A",0.196832652963543,0.763105054566349,0.00178890876565295,0
"38","Endothelial Cells","X6943T>C",0.223371831806254,0.79534867348703,0.00106837606837607,0
"39","Endothelial Cells","X709G>A",0.436962673182656,0.83141608778887,0,0
"40","Endothelial Cells","X7362G>A",0.715016859506525,0.851134593985525,0.00213675213675214,0
"41","Endothelial Cells","X7950T>C",0.490757922044961,0.842876663779597,0,0
"42","Endothelial Cells","X879T>C",0.555363860865057,0.851134593985525,0,0
"43","Fibroblasts","X10310G>A",2.95673965884179e-16,1.49019678805626e-14,0.243243243243243,9
"44","Fibroblasts","X11711G>A",0.0529339754102703,0.416855056355878,0.0771147771147771,3
"45","Fibroblasts","X13676A>G",0.675399164492805,0.851134593985525,0.00342734038386212,0
"46","Fibroblasts","X14384G>A",0.310682954991837,0.830096068517663,0,0
"47","Fibroblasts","X1485G>A",0.341683001220975,0.830096068517663,0,0
"48","Fibroblasts","X15755T>C",0.358667763441163,0.83141608778887,0,0
"49","Fibroblasts","X16166A>G",0.3961424284808,0.83141608778887,0,0
"50","Fibroblasts","X16223C>T",0.396140155687165,0.83141608778887,0,0
"51","Fibroblasts","X16261C>T",0.376774258487464,0.83141608778887,0,0
"52","Fibroblasts","X16291C>T",0.469099948680438,0.842876663779597,0.00635930047694754,1
"53","Fibroblasts","X16292C>T",2.25023926199078e-12,9.45100490036129e-11,0.248820248820249,10
"54","Fibroblasts","X16293A>G",0.962247604204535,0.969945585038171,0.0193050193050193,1
"55","Fibroblasts","X16327C>T",0.416910317338715,0.83141608778887,0,0
"56","Fibroblasts","X16366C>T",0.296496474141016,0.830096068517663,0,0
"57","Fibroblasts","X16390G>A",0.675928389835909,0.851134593985525,0.0632397102985338,3
"58","Fibroblasts","X16391G>A",0.662259495022153,0.851134593985525,0.0146932646932647,2
"59","Fibroblasts","X189A>G",0.936501507424785,0.955459027817999,0.036036036036036,2
"60","Fibroblasts","X195T>C",0.987493390515224,0.987493390515224,0.027027027027027,1
"61","Fibroblasts","X199T>C",0.518520287534828,0.842876663779597,0,0
"62","Fibroblasts","X2221C>T",0.221087043790408,0.79534867348703,0.0162162162162162,1
"63","Fibroblasts","X2275T>C",0.396143246680404,0.83141608778887,0,0
"64","Fibroblasts","X249A>G",0.489736591697362,0.842876663779597,0,0
"65","Fibroblasts","X2571G>A",0.270406855877853,0.830096068517663,0,0
"66","Fibroblasts","X2702G>A",0.582192084663389,0.851134593985525,0.00737100737100737,1
"67","Fibroblasts","X294T>C",0.384076701480876,0.83141608778887,0.0239085239085239,1
"68","Fibroblasts","X2992G>A",0.416912075439931,0.83141608778887,0,0
"69","Fibroblasts","X3380G>A",0.736670172616806,0.851134593985525,0.0108108108108108,1
"70","Fibroblasts","X3591G>A",0.236178501334708,0.795620362700793,0,0
"71","Fibroblasts","X368A>G",0.660260478402327,0.851134593985525,0.027027027027027,1
"72","Fibroblasts","X385A>G",0.283090174918232,0.830096068517663,0,0
"73","Fibroblasts","X5112G>A",0.246997492532946,0.808355430107823,0,0
"74","Fibroblasts","X5329T>C",0.946243684554679,0.961505679466851,0.00204750204750205,0
"75","Fibroblasts","X5540G>A",0.10430618490358,0.584114635460049,0,0
"76","Fibroblasts","X564G>A",0.513853919578889,0.842876663779597,0.0183143669985775,1
"77","Fibroblasts","X5703G>A",0.412341829216585,0.83141608778887,0.001001001001001,0
"78","Fibroblasts","X5814T>C",0.270409207896134,0.830096068517663,0,0
"79","Fibroblasts","X66G>A",0.3416824785295,0.830096068517663,0,0
"80","Fibroblasts","X6943T>C",0.325718209168714,0.830096068517663,0,0
"81","Fibroblasts","X709G>A",0.631610384106246,0.851134593985525,0.027027027027027,1
"82","Fibroblasts","X7362G>A",0.146360568521306,0.658622558345876,0,0
"83","Fibroblasts","X7950T>C",6.09157902968695e-20,3.83769478870278e-18,0.258383195225301,11
"84","Fibroblasts","X879T>C",0.31068328617078,0.830096068517663,0,0
"85","Macrophages","X10310G>A",0.382107374680837,0.83141608778887,0,0
"86","Macrophages","X11711G>A",0.191664490543268,0.754678931514117,0,0
"87","Macrophages","X13676A>G",0.589449027767476,0.851134593985525,0.03,1
"88","Macrophages","X14384G>A",0.648076830935545,0.851134593985525,0.00444444444444444,0
"89","Macrophages","X1485G>A",0.438802935221904,0.83141608778887,0,0
"90","Macrophages","X15755T>C",0.0391303077280182,0.328694584915353,0.00411764705882353,0
"91","Macrophages","X16166A>G",0.489623486498386,0.842876663779597,0,0
"92","Macrophages","X16223C>T",0.48962139718435,0.842876663779597,0,0
"93","Macrophages","X16261C>T",0.471727875089262,0.842876663779597,0,0
"94","Macrophages","X16291C>T",0.236932249715484,0.795620362700793,0,0
"95","Macrophages","X16292C>T",0.276546012804307,0.830096068517663,0,0
"96","Macrophages","X16293A>G",0.382116847960979,0.83141608778887,0,0
"97","Macrophages","X16327C>T",0.508615806515901,0.842876663779597,0,0
"98","Macrophages","X16366C>T",0.395298872434588,0.83141608778887,0,0
"99","Macrophages","X16390G>A",0.169816552539282,0.707630392224197,0.0228571428571429,1
"100","Macrophages","X16391G>A",0.165025657165495,0.704855349249234,0,0
"101","Macrophages","X189A>G",0.236936696729102,0.795620362700793,0,0
"102","Macrophages","X195T>C",0.101866310240609,0.583416140468945,0.04,1
"103","Macrophages","X199T>C",0.140225075003534,0.658116150264064,0.024,1
"104","Macrophages","X2221C>T",0.465772231233122,0.842876663779597,0.0353846153846154,1
"105","Macrophages","X2275T>C",9.20933048446372e-05,0.0024232699753084,0.0501714285714286,2
"106","Macrophages","X249A>G",0.187212271931381,0.748849087725526,0.04,1
"107","Macrophages","X2571G>A",0.369508043299827,0.83141608778887,0,0
"108","Macrophages","X2702G>A",0.415855103260719,0.83141608778887,0.0105910165484634,1
"109","Macrophages","X294T>C",0.573831493603498,0.851134593985525,0,0
"110","Macrophages","X2992G>A",0.356014878849,0.83141608778887,0.002,0
"111","Macrophages","X3380G>A",0.471732054724788,0.842876663779597,0,0
"112","Macrophages","X3591G>A",0.0191078632641744,0.185199290098921,0.00599579831932773,0
"113","Macrophages","X368A>G",0.0188197167136822,0.185199290098921,0.00432748538011696,0
"114","Macrophages","X385A>G",0.744664205695876,0.851134593985525,0.00307692307692308,0
"115","Macrophages","X5112G>A",0.34587336188236,0.830096068517663,0,0
"116","Macrophages","X5329T>C",6.28585495737957e-32,1.58403544925965e-29,0.430562782562783,14
"117","Macrophages","X5540G>A",0.647499403694042,0.851134593985525,0.04,1
"118","Macrophages","X564G>A",0.334773702613467,0.830096068517663,0,0
"119","Macrophages","X5703G>A",0.732184514502666,0.851134593985525,0.01,1
"120","Macrophages","X5814T>C",0.369510393392211,0.83141608778887,0,0
"121","Macrophages","X66G>A",0.438802439587093,0.83141608778887,0,0
"122","Macrophages","X6943T>C",2.40615500099636e-23,2.02117020083694e-21,0.28047311827957,8
"123","Macrophages","X709G>A",0.276577104436726,0.830096068517663,0,0
"124","Macrophages","X7362G>A",0.774396908102077,0.86246503674545,0.0133333333333333,1
"125","Macrophages","X7950T>C",0.902538334645815,0.939833307151841,0.00181818181818182,0
"126","Macrophages","X879T>C",0.409105987173533,0.83141608778887,0,0
"127","NK/T Cells","X10310G>A",0.673059051760474,0.851134593985525,0,0
"128","NK/T Cells","X11711G>A",0.528470289195144,0.842876663779597,0,0
"129","NK/T Cells","X13676A>G",0.502701964590273,0.842876663779597,0,0
"130","NK/T Cells","X14384G>A",0.690251328094871,0.851134593985525,0,0
"131","NK/T Cells","X1485G>A",0.708574844887375,0.851134593985525,0,0
"132","NK/T Cells","X15755T>C",0.718231849549064,0.851134593985525,0,0
"133","NK/T Cells","X16166A>G",0.738717848541636,0.851134593985525,0,0
"134","NK/T Cells","X16223C>T",0.738716637262816,0.851134593985525,0,0
"135","NK/T Cells","X16261C>T",0.0100355567751847,0.125252932925653,0.0454545454545454,1
"136","NK/T Cells","X16291C>T",0.568019503673467,0.851134593985525,0,0
"137","NK/T Cells","X16292C>T",0.129632657168907,0.628219800126241,0.166666666666667,1
"138","NK/T Cells","X16293A>G",0.673065181756541,0.851134593985525,0,0
"139","NK/T Cells","X16327C>T",0.749642783264025,0.851134593985525,0,0
"140","NK/T Cells","X16366C>T",0.681527262372427,0.851134593985525,0,0
"141","NK/T Cells","X16390G>A",0.344390349167368,0.830096068517663,0,0
"142","NK/T Cells","X16391G>A",0.502688385812774,0.842876663779597,0,0
"143","NK/T Cells","X189A>G",0.5680231744112,0.851134593985525,0,0
"144","NK/T Cells","X195T>C",0.681526560835965,0.851134593985525,0,0
"145","NK/T Cells","X199T>C",0.799656241674672,0.863094526614292,0,0
"146","NK/T Cells","X2221C>T",0.46946311454111,0.842876663779597,0,0
"147","NK/T Cells","X2275T>C",0.738718284597889,0.851134593985525,0,0
"148","NK/T Cells","X249A>G",0.785990772718941,0.86246503674545,0,0
"149","NK/T Cells","X2571G>A",0.664841635908152,0.851134593985525,0,0
"150","NK/T Cells","X2702G>A",0.5928817982679,0.851134593985525,0,0
"151","NK/T Cells","X294T>C",0.785991012387574,0.86246503674545,0,0
"152","NK/T Cells","X2992G>A",0.749643696385146,0.851134593985525,0,0
"153","NK/T Cells","X3380G>A",0.728265047509212,0.851134593985525,0,0
"154","NK/T Cells","X3591G>A",0.641462168488384,0.851134593985525,0,0
"155","NK/T Cells","X368A>G",0.738718236147302,0.851134593985525,0,0
"156","NK/T Cells","X385A>G",0.673063251980098,0.851134593985525,0,0
"157","NK/T Cells","X5112G>A",0.649056393910777,0.851134593985525,0,0
"158","NK/T Cells","X5329T>C",0.205270529043231,0.772062288341703,0.114583333333333,1
"159","NK/T Cells","X5540G>A",0.523140634537137,0.842876663779597,0,0
"160","NK/T Cells","X564G>A",0.641462100408876,0.851134593985525,0,0
"161","NK/T Cells","X5703G>A",0.239948998274842,0.795620362700793,0.0333333333333333,0
"162","NK/T Cells","X5814T>C",0.664843180957893,0.851134593985525,0,0
"163","NK/T Cells","X66G>A",0.0160073566004209,0.175384950578525,0.140625,1
"164","NK/T Cells","X6943T>C",9.91013444363e-07,3.12169234974345e-05,0.0574712643678161,1
"165","NK/T Cells","X709G>A",0.59939073474246,0.851134593985525,0,0
"166","NK/T Cells","X7362G>A",0.568019394909447,0.851134593985525,0,0
"167","NK/T Cells","X7950T>C",0.0804811642208303,0.523449786221604,0.037037037037037,1
"168","NK/T Cells","X879T>C",0.69025152911972,0.851134593985525,0,0
"169","SMC","X10310G>A",0.00350211885470572,0.0678872270296801,0.0026206117115208,1
"170","SMC","X11711G>A",0.15178437288699,0.671046701184586,0.0379946941311284,15
"171","SMC","X13676A>G",0.958547914366137,0.969945585038171,0.0162496526107419,8
"172","SMC","X14384G>A",0.493089885052172,0.842876663779597,0.00187188921809564,1
"173","SMC","X1485G>A",0.766603435050916,0.860172513376247,0.00784852119604324,4
"174","SMC","X15755T>C",0.00625095672288396,0.10501607294445,0.00116550116550117,1
"175","SMC","X16166A>G",0.916097554925763,0.944441185659255,0.00749647178218607,2
"176","SMC","X16223C>T",0.63260452543463,0.851134593985525,0.0120633841861463,5
"177","SMC","X16261C>T",0.73605420915953,0.851134593985525,0.0125733399727208,4
"178","SMC","X16291C>T",0.210527430363262,0.780189888993266,0.0347657658662443,11
"179","SMC","X16292C>T",0.0326946646292178,0.284105361605617,0.0159530284530285,6
"180","SMC","X16293A>G",0.679037330410222,0.851134593985525,0.0159567277785753,6
"181","SMC","X16327C>T",0.867909728463801,0.922840723936194,0.0133547008547009,5
"182","SMC","X16366C>T",0.70519260414233,0.851134593985525,0.0151691457576805,7
"183","SMC","X16390G>A",0.089906515578498,0.552596144531256,0.110144527797924,41
"184","SMC","X16391G>A",0.81650497081236,0.87557128784985,0.0455891193953603,18
"185","SMC","X189A>G",0.918206708279831,0.944441185659255,0.0350610174139586,14
"186","SMC","X195T>C",0.570140240066251,0.851134593985525,0.0157634032634033,9
"187","SMC","X199T>C",0.123735224467566,0.611397579722092,0.0034965034965035,1
"188","SMC","X2221C>T",0.250241393487713,0.80847219434492,0.0573349125289769,24
"189","SMC","X2275T>C",0.911884157931278,0.944441185659255,0.00176975801975802,1
"190","SMC","X249A>G",0.297377996979057,0.830096068517663,0.00145687645687646,1
"191","SMC","X2571G>A",0.11301857134334,0.595625348654403,0.026146654763676,10
"192","SMC","X2702G>A",0.0548908733247131,0.419166669025082,0.0244539249611721,11
"193","SMC","X294T>C",0.749809047082487,0.851134593985525,0.00444832944832945,2
"194","SMC","X2992G>A",0.285057780717848,0.830096068517663,0.00292207792207792,2
"195","SMC","X3380G>A",0.143636461367157,0.658116150264064,0.00582750582750583,2
"196","SMC","X3591G>A",0.724780384728725,0.851134593985525,0.00958281562700364,4
"197","SMC","X368A>G",0.0622601558105081,0.448273121835658,0.00127145581691036,1
"198","SMC","X385A>G",0.934608042750588,0.955459027817999,0.0144900683362222,6
"199","SMC","X5112G>A",0.122043682072913,0.611397579722092,0.00239911603547967,1
"200","SMC","X5329T>C",0.00858077769294645,0.113808209401185,0.00473552231925438,2
"201","SMC","X5540G>A",0.203200153539036,0.772062288341703,0.0560227616891541,19
"202","SMC","X564G>A",0.174459799568245,0.709094669212866,0.0246361412155469,10
"203","SMC","X5703G>A",0.318554240615777,0.830096068517663,0.0156220042583679,8
"204","SMC","X5814T>C",0.528306487228775,0.842876663779597,0.0145625668526973,7
"205","SMC","X66G>A",0.434837342474908,0.83141608778887,0.00734931734931735,4
"206","SMC","X6943T>C",0.0453104246771753,0.36832990382736,0.00196345156819465,2
"207","SMC","X709G>A",0.089434867387545,0.552596144531256,0.0224109559864329,13
"208","SMC","X7362G>A",0.107060883885194,0.586507450849326,0.0545265631804093,19
"209","SMC","X7950T>C",0.010802554382917,0.125252932925653,0.00413461092706376,1
"210","SMC","X879T>C",0.0998538679809173,0.583416140468945,0.00674982911825017,3
"211","SMC I","X10310G>A",0.783525893948507,0.86246503674545,0.0110024663410817,7
"212","SMC I","X11711G>A",0.0810100859628672,0.523449786221604,0.0182520632459297,11
"213","SMC I","X13676A>G",0.641972479516608,0.851134593985525,0.0153353960563992,9
"214","SMC I","X14384G>A",0.224086332609441,0.79534867348703,0.015322114796819,6
"215","SMC I","X1485G>A",0.704988107019744,0.851134593985525,0.00240645338684554,1
"216","SMC I","X15755T>C",0.141815915773523,0.658116150264064,0.00228783593961442,1
"217","SMC I","X16166A>G",0.336096677447606,0.830096068517663,0.0150726380436525,5
"218","SMC I","X16223C>T",0.845509686647519,0.902832377267689,0.0164141414141414,5
"219","SMC I","X16261C>T",0.501422671894074,0.842876663779597,0.0167030427241231,6
"220","SMC I","X16291C>T",0.0174137265576959,0.182844128855807,0.0547642740625197,22
"221","SMC I","X16292C>T",0.443733143611556,0.834483225299344,0.0267274729391098,9
"222","SMC I","X16293A>G",0.796549143948339,0.863094526614292,0.00767584718506985,3
"223","SMC I","X16327C>T",0.572704871268469,0.851134593985525,0.00920314253647587,4
"224","SMC I","X16366C>T",0.335416641551605,0.830096068517663,0.0245933433433433,8
"225","SMC I","X16390G>A",0.405159965241384,0.83141608778887,0.0779769059161861,31
"226","SMC I","X16391G>A",0.171291483832048,0.707630392224197,0.0570667618883221,25
"227","SMC I","X189A>G",0.510637509696188,0.842876663779597,0.0421766162506903,15
"228","SMC I","X195T>C",0.341253028023924,0.830096068517663,0.0173961840628507,6
"229","SMC I","X199T>C",0.15586211018553,0.67719399597851,0.00600835945663532,3
"230","SMC I","X2221C>T",0.892899775680694,0.933654537226286,0.0552402758421277,22
"231","SMC I","X2275T>C",0.426970249264563,0.83141608778887,0.00403050644596538,2
"232","SMC I","X249A>G",0.758161140308459,0.856756086805972,0.00991142657809324,3
"233","SMC I","X2571G>A",0.641809788104436,0.851134593985525,0.0061467678682591,3
"234","SMC I","X2702G>A",0.0994939846326664,0.583416140468945,0.012750223568937,7
"235","SMC I","X294T>C",0.768011172657363,0.860172513376247,0.00506881529004876,2
"236","SMC I","X2992G>A",0.0726105471760719,0.504501355106565,0.000823045267489712,1
"237","SMC I","X3380G>A",0.0740736116624719,0.504501355106565,0.0129610924055368,6
"238","SMC I","X3591G>A",0.585603252841753,0.851134593985525,0.00458876270866139,4
"239","SMC I","X368A>G",0.703944752656421,0.851134593985525,0.0053652466695945,2
"240","SMC I","X385A>G",0.801444917570414,0.863094526614292,0.0194529469781995,6
"241","SMC I","X5112G>A",0.345758687027687,0.830096068517663,0.00697907552292361,2
"242","SMC I","X5329T>C",0.00460813005221547,0.0829463409398784,0.00443322109988777,2
"243","SMC I","X5540G>A",0.792325235926564,0.863094526614292,0.0421677088343755,17
"244","SMC I","X564G>A",0.315503144228204,0.830096068517663,0.00771267206965655,3
"245","SMC I","X5703G>A",0.228710868700902,0.795620362700793,0.0239967381875594,11
"246","SMC I","X5814T>C",0.687212050408336,0.851134593985525,0.016392685020136,8
"247","SMC I","X66G>A",0.487211017961675,0.842876663779597,0.0168603001936335,8
"248","SMC I","X6943T>C",0.0084237230420436,0.113808209401185,0.000491021324354658,0
"249","SMC I","X709G>A",0.461044418311255,0.842876663779597,0.0204815059613039,10
"250","SMC I","X7362G>A",0.413250703188176,0.83141608778887,0.0248817711780675,10
"251","SMC I","X7950T>C",0.061922535078789,0.448273121835658,0.00396945927248958,3
"252","SMC I","X879T>C",0.00775129155587839,0.113808209401185,0.0200623349899305,9
